request_id,amount_safe_to_pay,affordability_status,recommended_payment_method,payment_plan,earliest_date_for_full_payment,spending_changes_needed,decision_explanation
request_26,15656000,affordable_now,full_payment,2025-08-03:15656000,2025-08-03,none,"Send the full amount of IDR 15,656,000 today (3 August 2025) with no spending changes. The projected balance will remain at or above the required minimum balance of IDR 24,768,300 over the 90-day forecast."
request_27,6670,affordable_now,full_payment,2026-07-05:6670,2026-07-05,none,"Pay ZAR 6,670 in full today, 5 July 2026, with no spending changes needed. This payment keeps your projected balance well above your ZAR 20,500 minimum balance over the 90-day forecast."
request_28,109.42,affordable_later,wait,2024-08-15:1302.40,2024-08-15,none,Pay EUR 1302.40 in full on 2024-08-15 without spending changes. The projected balance stays at or above the EUR 1100 minimum throughout the forecast.
request_29,51524,affordable_now,full_payment,2025-11-04:51524,2025-11-04,none,Pay ZAR 51524 in full today on 2025-11-04. This payment plan keeps the cash balance at or above the minimum balance of ZAR 28300.
request_30,775.2,affordable_with_plan,installments,2026-04-06:268.74|2026-05-06:268.74|2026-06-05:268.74,2026-04-06,none,"Use 3 installments of USD 268.74, starting 6 April 2026. This leaves at least USD 900 available."
request_31,0,not_affordable,not_recommended,none,,none,Do not make this payment by 2024-11-15. None of the available options keeps the IDR 16588900 minimum protected.
request_32,10400.48,affordable_later,wait,2025-03-15:40018,2025-03-15,none,Pay ZAR 40018 in full on 2025-04-15 without any spending changes. This maintains the cash balance at or above the ZAR 35700 minimum throughout the projection period.
request_33,32244.45,affordable_later,wait,2026-02-15:118000,2026-02-15,none,Pay INR 118000 in full on 2026-02-15. Paying earlier would take the balance below the INR 102100 minimum.
request_34,129400,affordable_now,full_payment,2024-12-04:129400,2024-12-04,none,Pay INR 129400 in full today on 4 December 2024 with no spending changes needed. This payment leaves the projected cash balance at or above the minimum balance of INR 138500 throughout the 90-day forecast.
request_35,52739.81,affordable_later,wait,2026-01-15:212000,2026-01-15,none,"Wait and pay INR 212,000 in full on 2026-01-15 with no spending changes. The projected balance stays at or above the minimum balance of INR 106,400."
request_36,921.23,affordable_later,wait,2026-08-15:3954,2026-08-15,none,"Pay USD 3,954 in full on 2026-09-15. This scheduled payment keeps the running balance at or above the required USD 2,400 minimum throughout the projection."
request_37,1371836.96,affordable_later,wait,2024-05-15:14649000,2024-05-15,none,Pay IDR 14649000 in full on 2024-05-15 without any spending changes. This keeps the account balance at or above the IDR 17056200 minimum throughout the forecast.
request_38,225.42,affordable_later,wait,2025-09-15:971.30,2025-09-15,none,Wait and pay EUR 971.30 in full on 2025-09-15 without any spending changes. This keeps the cash balance at or above the minimum balance of EUR 400.00.
request_39,57816.64,affordable_later,wait,2026-05-15:208600,2026-05-15,none,"Wait until 2026-05-15 to pay INR 208,600 in full without any spending changes. This schedule ensures the running balance stays at or above the required minimum balance of INR 213,400."
request_40,324.04,affordable_later,wait,2024-07-15:1290.30,2024-07-15,none,Pay EUR 1290.3 in full on 2024-07-15. Paying earlier would take the balance below the EUR 1500 minimum.
request_41,7951289.06,affordable_later,wait,2025-12-15:38760000,2025-12-15,none,Pay IDR 38760000 in full on 2025-12-15. Paying earlier would take the balance below the IDR 25366600 minimum.
request_42,52100,affordable_now,full_payment,2026-01-05:52100,2026-01-05,none,"Pay INR 52,100 in full on 5 January 2026 with no spending changes. This keeps the 90-day cash ledger at or above the minimum balance of INR 113,100."
request_43,9868266.98,affordable_later,wait,2024-10-15:43339000,2024-10-15,none,Pay IDR 43339000 in full on 2024-10-15. Paying earlier would take the balance below the IDR 21398000 minimum.
request_44,25994.67,affordable_later,wait,2025-03-15:95800,2025-03-15,none,Pay INR 95800 in full on 2025-04-15. This wait schedule ensures the cash balance stays at or above the INR 82900 minimum_balance_to_keep.
request_45,5270814.53,affordable_later,wait,2026-08-15:21983000,2026-08-15,none,Wait and pay IDR 21983000 in full on 2026-08-15 without any spending changes. This projected cash walk stays at or above the IDR 11149800 minimum balance.
request_46,16779.69,affordable_with_plan,partial_payment,2024-12-03:16779.69|2024-12-15:32670.31,2024-12-15,none,Pay INR 16779.69 today and the remaining INR 32670.31 on 2024-12-15. This completes the full request and keeps the INR 84000 minimum protected.
request_47,38114000,affordable_now,full_payment,2025-05-05:38114000,2025-05-05,none,"Pay IDR 38114000 in full today, 5 May 2025. This payment and all projected living expenses keep the 90-day cash balance at or above the required minimum of IDR 30049000."
request_48,45700,affordable_now,full_payment,2026-07-25:45700,2026-07-25,none,"Pay INR 45,700 in full on 2026-07-25. The projected cash balance stays at or above the required minimum balance of INR 71,300 throughout the 90-day forecast."
request_49,9270977.65,affordable_with_plan,installments,2024-03-18:11902106.67|2024-04-18:11902106.67|2024-05-19:11902106.67,2024-04-15,none,"Use 3 installments of IDR 11902106.67 starting 18 March 2024, 18 April 2024, and 19 May 2024 with no spending changes. This ensures the balance stays at or above the minimum balance of IDR 20275700 throughout."
request_50,43900,affordable_now,full_payment,2025-08-06:43900,2025-08-06,none,Pay INR 43900 in full on 6 August 2025 with no spending changes. This ensures the projected cash balance stays at or above the required minimum of INR 99700 throughout the 90-day forecast.
request_51,2191000,affordable_now,full_payment,2026-01-03:2191000,2026-01-03,none,"Invest IDR 2,191,000 in full on 3 January 2026 without any spending changes. This plan keeps the projected balance at or above the minimum required IDR 7,811,000 throughout the 90-day forecast."
request_52,21927.86,affordable_later,wait,2024-06-15:28870,2024-06-15,none,"Wait to pay the full INR 28,870 repair amount on 2024-06-15 without any spending changes. This ensures the projected balance remains at or above the INR 41,500 minimum balance throughout the period."
request_53,344.16,affordable_with_plan,installments,2025-11-21:589.06|2025-12-19:589.06|2026-01-16:589.06,2025-12-15,none,"Use 3 installments of USD 589.06, starting 21 November 2025, with subsequent payments on 19 December 2025 and 16 January 2026, with no spending changes. This plan keeps the projected cash balance at or above the required minimum of USD 2100 at all times."
request_54,6458.84,not_affordable,not_recommended,none,,none,"Do not pay the ZAR 121,528 deposit by 21 August 2026 because no available payment plan or full payment is affordable. The projected cash balance stays at or above the ZAR 37,000 minimum balance across all options by declining this payment."
request_55,87282.88,affordable_with_plan,installments,2026-06-11:75781.33|2026-07-12:75781.33|2026-08-12:75781.33,2026-07-15,none,"Send INR 218,600 using 3 installments of INR 75781.33 on 11 June 2026, 12 July 2026, and 12 August 2026 without spending changes. This payment plan ensures the cash balance stays at or above the minimum balance of INR 124,300 throughout the 90-day forecast."
request_56,777.1,affordable_with_plan,partial_payment,2025-02-03:777.1|2025-02-15:104.46,2025-02-15,none,Pay USD 777.10 today and the remaining USD 104.46 on 2025-02-15. This schedule keeps the cash balance at or above the required USD 2100.00 minimum.
request_57,8149.57,affordable_later,wait,2026-06-15:61446,2026-06-15,none,Pay ZAR 61446 in full on 2026-06-15. This keeps the cash balance at or above the ZAR 42700 minimum requirement.
request_58,16226000,affordable_now,full_payment,2024-12-07:16226000,2024-12-07,none,"Pay IDR 16,226,000 in full today on 7 December 2024. The resulting cash flow projection maintains a balance at or above the minimum required IDR 14,433,900 throughout the 90-day period."
request_59,140600,affordable_with_plan,installments,2025-05-07:48741.33|2025-06-04:48741.33|2025-07-02:48741.33,2025-05-04,none,"Use 3 installments of INR 48741.33 starting 7 May 2025, 4 June 2025, and 2 July 2025 with no spending changes needed. This plan keeps the running balance well above the minimum required level of INR 132600 throughout the forecast."
request_60,127.49,affordable_later,wait,2026-01-15:199.89,2026-01-15,none,Pay USD 199.89 in full on 2026-01-15 after the upcoming payroll credit. This wait ensures the projected cash balance remains at or above the USD 400.00 minimum balance.
request_61,29062,affordable_with_plan,installments,2024-03-17:10074.83|2024-04-17:10074.83|2024-05-18:10074.83,2024-03-03,none,"Use 3 installments of ZAR 10074.83, starting 17 March 2024, with no spending changes needed. This payment plan leaves the projected balance at or above the required minimum balance of ZAR 36700 throughout."
request_62,404.23,affordable_now,full_payment,2025-08-05:404.23,2025-08-05,none,"You can pay the full USD 404.23 now on 2025-08-05 with no spending changes needed. Throughout the 90-day forecast, your projected balance remains at or above the USD 1300 minimum balance."
request_63,37264.66,not_affordable,not_recommended,none,,none,"Do not purchase the INR 343,900 laptop by 17 September 2026, as no safe full payment or eligible plan fits the deadline. Without this purchase, the cash balance remains at or above the INR 153,500 minimum reserve."
request_64,0,not_affordable,not_recommended,none,,none,"Do not pay INR 63,700 for the annual membership by 2024-08-16. None of the available options keeps the balance at or above the INR 36,100 minimum_balance_to_keep."
request_65,7114.42,not_affordable,not_recommended,none,2026-01-15,none,"Do not pay the ZAR 54,340 annual membership by the 2025-11-25 deadline. Avoiding this payment ensures the cash balance stays at or above the ZAR 15,500 minimum balance to keep."
request_66,22200,affordable_now,full_payment,2026-04-03:22200,2026-04-03,none,"Pay INR 22,200 in full on 3 April 2026 for the repair. This payment keeps your projected balance at or above the required minimum balance of INR 80,700 throughout the 90-day forecast."
request_67,90.23,affordable_later,wait,2024-11-15:2094,2024-11-15,none,"Wait to pay USD 2094 in full on 2024-11-15, with an immediate safe amount of USD 90.23. This projected cash walk remains at or above the minimum balance of USD 1200 throughout the period."
request_68,1232.51,affordable_with_plan,installments,2025-02-14:725.09|2025-03-14:725.09|2025-04-11:725.09,2025-03-23,none,"Use 3 installments of USD 725.09 starting 14 February 2025, 14 March 2025, and 11 April 2025. This payment plan keeps the projected cash balance at or above USD 1,500.00."
request_69,436.9,not_affordable,not_recommended,none,2026-01-15,none,"Do not invest EUR 529.10 by 2026-01-14, as the earliest safe date for a full payment is 2026-01-15. This walk keeps your projected balance at or above the EUR 700 minimum balance to keep."
request_70,59952.21,affordable_later,wait,2025-01-15:243900,2025-01-15,none,Wait until 2025-02-15 to pay the INR 243900 annual membership in full without making any spending changes. This cash-flow plan maintains the account balance at or above the required INR 115000 minimum throughout the 90-day forecast.
request_71,844212.05,not_affordable,not_recommended,none,,none,"Do not pay the IDR 21,451,000 rental deposit by 28 May 2025. Without a safe full payment window, the projected cash balance falls below the IDR 8,884,800 minimum."
request_72,11259.69,affordable_with_plan,full_payment,2026-07-05:11330,2026-07-15,stop:event_6682,"Stop the music subscription and make the full ZAR 11,330 transfer on 2026-07-05. Throughout the 90-day projection, the cash balance remains at or above the required minimum balance of ZAR 12,200."
request_73,71400,affordable_now,full_payment,2023-01-20:71400,2023-01-20,none,"Pay the full repair amount of INR 71,400 on January 20, 2023, with no spending changes needed. This payment keeps your projected cash balance at or above the required minimum balance of INR 103,200 throughout the 90-day forecast."
request_74,5010,affordable_now,full_payment,2025-08-04:5010,2025-08-04,none,"Pay ZAR 5,010 in full today on 4 August 2025. This leaves the cash flow at or above the minimum balance of ZAR 21,900 throughout the 90-day forecast."
request_75,28270,affordable_with_plan,installments,2026-04-09:9800.27|2026-05-09:9800.27|2026-06-08:9800.27,2026-04-06,none,"Pay in 3 installments of ZAR 9,800.27 starting on 9 April 2026, with subsequent payments on 9 May 2026 and 8 June 2026, without any spending changes. This plan keeps the projected cash balance at or above the minimum balance of ZAR 39,000 throughout."
request_76,423.17,not_affordable,not_recommended,none,2024-08-15,none,"Do not pay the USD 4,455.60 membership fee now; you can safely pay up to USD 423.17 on 2024-06-03, or wait until a full payment is safe on 2024-08-15. This plan keeps your projected cash balance at or above the required USD 1,800.00 minimum balance to keep at all times."
request_77,57664.04,not_affordable,not_recommended,none,2025-11-15,none,"Do not pay the full INR 60,700 deposit today, but you can safely pay up to INR 59,885.18 today or wait to pay in full on November 15, 2025. This cash walk stays at or above the required INR 82,200 minimum balance."
request_78,48645.54,affordable_with_plan,full_payment,2025-10-02:50200,2025-10-15,stop:event_7224,"Stop the video streaming plan, then pay INR 50200 today. This leaves at least INR 55200 available."
request_79,316.83,not_affordable,not_recommended,none,2024-11-15,none,"Do not buy the EUR 2,151.60 laptop by 1 November 2024, because a full payment of EUR 2,151.60 is not affordable until 15 November 2024. Waiting until 15 November 2024 ensures the projected balance stays at or above the EUR 1,000 minimum balance to keep."
request_80,104634.85,not_affordable,not_recommended,none,2025-03-15,none,"Do not pay INR 217,500 by 2025-02-21 because it exceeds the safe capacity of INR 104,634.85. Declining this payment ensures the projected balance stays at or above the INR 121,300 minimum."
request_81,1863.02,not_affordable,not_recommended,none,2026-07-15,none,"Do not pay USD 2,076 by 2026-07-14, as the maximum safe payment is USD 1,863.02 and full payment is only safe starting 2026-07-15. This ensures the balance remains at or above the USD 1,600 minimum."
request_82,206.21,affordable_later,wait,2025-01-15:1405.20,2025-01-15,none,"Pay USD 1,405.20 in full on February 15, 2025 with no spending changes. This payment schedule ensures the cash balance stays at or above the minimum balance of USD 1,100.00 throughout the forecast."
request_83,9740.32,not_affordable,not_recommended,none,,none,"Do not send INR 156,200 by 17 June 2025 as requested, because no safe payment plan is available. This ensures the cash projection stays at or above the required minimum balance of INR 37,800."
request_84,16343.5,affordable_later,wait,2026-06-15:95400,2026-06-15,none,Wait and pay INR 95400 in full on 2026-06-15 with no spending changes. This ensures the cash balance stays at or above the required minimum of INR 91300 at all times.
request_85,0,not_affordable,not_recommended,none,,none,"Do not pay the IDR 19,304,000 rental deposit by 2024-04-26. None of the available options keeps the cash balance at or above the IDR 6,396,300 minimum balance to keep."
request_86,44849.81,affordable_with_plan,full_payment,2025-08-03:46300,2025-08-15,reduce_to:event_8084:2360,"Reduce the online retail purchases to INR 2360, then pay INR 46300 today. This leaves at least INR 84900 available."
request_87,22982.41,not_affordable,not_recommended,none,,none,"Do not pay INR 487,900 by 15 March 2026. This ensures the projected balance stays at or above the required minimum balance of INR 185,900 throughout the period."
request_88,11959.79,affordable_with_plan,installments,2024-06-14:9045.23|2024-07-15:9045.23|2024-08-15:9045.23,2024-06-15,none,"Use 3 installments of ZAR 9045.23, starting 14 June 2024. This leaves at least ZAR 25800 available."
request_89,7067400.9,affordable_with_plan,installments,2025-11-18:4768746.67|2025-12-16:4768746.67|2026-01-13:4768746.67,2025-11-15,none,"Use 3 installments of IDR 4768746.67, starting 18 November 2025. This leaves at least IDR 12534700 available."
request_90,2560,affordable_now,full_payment,2026-07-06:2560,2026-07-06,none,"Pay the full ZAR 2,560 loan payment today on 6 July 2026 without any spending changes or stops. This cash outlay maintains projected cash balances at or above the required minimum balance of ZAR 7,600 throughout the 90-day forecast."
request_91,0,affordable_later,wait,2024-11-15:1927.20,,stop:event_8510,"Wait and pay EUR 1,927.20 in full on 15 November 2024 with stopping online backup subscription (event_8510). Throughout this plan, the projected balance remains at or above the EUR 2,100.00 minimum balance."
request_92,34034,affordable_now,full_payment,2025-02-05:34034,2025-02-05,none,Pay ZAR 34034 in full on 2025-02-05 with no spending changes. This financial plan ensures the cash balance stays at or above the required minimum of ZAR 28100 throughout the 90-day forecast.
request_93,1680.88,affordable_with_plan,full_payment,2026-04-07:1729.20,2026-04-15,stop:event_8691,"Stop the video streaming plan and pay USD 1,729.20 in full on April 7, 2026. This keeps the cash balance at or above the minimum balance of USD 1,900.00 throughout the 90-day projection."
request_94,572,affordable_now,full_payment,2024-12-04:572,2024-12-04,none,Pay the full deposit of EUR 572 on 2024-12-04 with no spending changes needed. This walk stays at or above the minimum balance of EUR 600 across the 90-day forecast.
request_95,227.7,not_affordable,not_recommended,none,,none,"Do not pay the INR 553,000 course fee by 14 July 2025, as full or installment payment options are not affordable. The cash flow projection fails to maintain the required INR 145,500 minimum balance across the evaluation period."
request_96,67508.8,affordable_with_plan,installments,2026-01-10:31269.33|2026-02-09:31269.33|2026-03-11:31269.33,2026-01-15,none,"Use 3 installments of INR 31,269.33 starting 10 January 2026, 9 February 2026, and 11 March 2026 with no spending changes. This plan keeps the cash balance at or above the required minimum balance of INR 56,500."
request_97,2929.44,affordable_with_plan,installments,2024-03-19:8145.28|2024-04-19:8145.28|2024-05-20:8145.28,2024-04-15,none,"Use 3 installments of ZAR 8145.28, starting 19 March 2024. This leaves at least ZAR 29700 available."
request_98,7506.65,affordable_later,wait,2025-08-15:27148,2025-08-15,none,Pay ZAR 27148 in full on 2025-08-15 with no spending changes. This payment keeps the projected cash balance at or above the required ZAR 30000 minimum.
request_99,18062,affordable_now,full_payment,2026-07-04:18062,2026-07-04,none,"Pay ZAR 18,062 in full today, 4 July 2026. This leaves the account balance at or above the required ZAR 49,100 minimum over the next 90 days."
request_100,20941.85,affordable_with_plan,installments,2024-06-13:12866.19|2024-07-14:12866.19|2024-08-14:12866.19,2024-06-15,none,"Use 3 installments of ZAR 12,866.19 starting 13 June 2024 for the ZAR 37,114 laptop (safe to pay ZAR 20,941.85 today, full payment safe on 15 June 2024). This plan maintains the projected balance at or above the ZAR 32,500 minimum balance."
request_101,143500,affordable_now,full_payment,2025-11-03:143500,2025-11-03,none,"Pay INR 143,500 in full on 2025-11-03 with no spending changes. The resulting cash flow walk stays at or above the minimum balance of INR 187,400."
request_102,1716,affordable_with_plan,installments,2026-04-05:594.88|2026-05-05:594.88|2026-06-04:594.88,2026-04-05,none,"Use 3 installments of EUR 594.88 starting on 5 April 2026, with subsequent payments on 5 May 2026 and 4 June 2026. This schedule ensures the projected cash balance remains at or above the EUR 900 minimum balance throughout."
request_103,0,not_affordable,not_recommended,none,,none,"Do not book the family trip for INR 368,300 by 7 October 2024 because funds are insufficient across all payment methods. Deferring the payment ensures the cash balance stays at or above the required INR 125,500 minimum."
request_104,17204,affordable_now,full_payment,2025-02-04:17204,2025-02-04,none,Pay ZAR 17204 today. This leaves at least ZAR 24700 available over the next 90 days.
request_105,53500,affordable_now,full_payment,2026-06-08:53500,2026-06-08,none,Reduce household shopping to INR 1632 and pay INR 53500 in full on 2026-06-08. This payment plan keeps the projected balance at or above the minimum balance of INR 73900.
request_106,539.83,affordable_later,wait,2025-01-15:2207.70,2025-01-15,none,Pay EUR 2207.70 in full on 2025-02-15 with no spending changes needed. This cash flow plan maintains the balance at or above the EUR 1200.00 minimum throughout the 90-day window.
request_107,0,not_affordable,not_recommended,none,,none,"Do not pay the EUR 2,534.40 rental deposit by 4 July 2025, as no payment plan is affordable. This ensures the account balance remains at or above the required EUR 1600 minimum balance to keep."
request_108,4947.66,not_affordable,not_recommended,none,2026-09-15,none,"Do not make the ZAR 55,308 course payment by 2026-07-26. None of the available payment options keeps the cash balance at or above the ZAR 24,100 minimum balance to keep."
request_109,763.98,affordable_with_plan,installments,2024-03-18:645.98|2024-04-18:645.98|2024-05-19:645.98,2024-03-15,none,"Pay in 3 installments of EUR 645.98 starting 18 March 2024, 18 April 2024, and 19 May 2024 without spending changes. This schedule keeps the cash balance at or above the required minimum balance of EUR 1,700 throughout the 90-day forecast."
request_110,22352,affordable_with_plan,installments,2025-08-06:7748.69|2025-09-03:7748.69|2025-10-01:7748.69,2025-08-06,none,"Pay ZAR 22,352 in three installments of ZAR 7,748.69 on 6 August 2025, 3 September 2025, and 1 October 2025 without any spending changes. This plan ensures that the cash balance stays at or above the minimum balance of ZAR 11,200 at all times."
request_111,16625000,affordable_now,full_payment,2026-04-03:16625000,2026-04-03,none,Pay IDR 16625000 today. This leaves at least IDR 23022800 available over the next 90 days.
request_112,271.7,affordable_now,full_payment,2024-06-05:271.70,2024-06-05,none,"You can make the full transfer of EUR 271.70 today on June 5, 2024. This payment keeps your projected cash balance at or above your EUR 500.00 minimum required reserve."
request_113,31042.32,affordable_later,wait,2026-09-15:36500,2026-09-15,none,Pay INR 36500 in full on 2026-09-15. Paying earlier would take the balance below the INR 82300 minimum.
request_114,60858.89,not_affordable,not_recommended,none,2026-01-15,none,"Do not pay the INR 65,300 membership fee by 14 January 2026. Making this payment by the deadline would breach the INR 113,400 minimum balance, as a full payment is only safe from 15 January 2026 onward."
request_115,16371.7,affordable_later,wait,2024-10-15:80500,2024-10-15,none,Pay INR 80500 in full on 2024-11-15. Paying earlier would take the balance below the INR 38800 minimum.
request_116,0,not_affordable,not_recommended,none,,none,"Do not send INR 241,200 by 2025-04-16 as it is not affordable. Avoiding this payment ensures the cash balance stays at or above the required INR 80,300 minimum throughout the forecast."
request_117,880,affordable_now,full_payment,2026-07-05:880,2026-07-05,none,Pay EUR 880 today on 2026-07-05 in full with no spending changes needed. This keeps the projected balance at or above the EUR 1000 minimum throughout the 90-day forecast.
request_118,523.23,affordable_with_plan,installments,2024-12-07:255.87|2025-01-07:255.87|2025-02-07:255.87,2024-12-15,none,"Use 3 installments of EUR 255.87, starting 7 December 2024. This leaves at least EUR 600 available."
request_119,70146.77,affordable_with_plan,installments,2025-05-18:70546.67|2025-06-15:70546.67|2025-07-13:70546.67,2025-06-15,none,"Use 3 installments of INR 70546.67, starting 18 May 2025. This leaves at least INR 151200 available."
request_120,6844378.11,not_affordable,not_recommended,none,2026-04-15,none,Do not make this payment by 2026-04-14. None of the available options keeps the IDR 20050300 minimum protected.
request_121,548.94,not_affordable,not_recommended,none,2024-03-15,none,Do not make this payment by 2024-03-14. None of the available options keeps the USD 800 minimum protected.
request_122,20558000,affordable_with_plan,installments,2025-08-05:7126773.33|2025-09-02:7126773.33|2025-09-30:7126773.33,2025-08-05,none,"Use 3 installments of IDR 7126773.33 starting 5 August 2025, 2 September 2025, and 30 September 2025 to pay the IDR 20558000 membership fee without spending changes. This schedule keeps the cash balance at or above the required minimum balance of IDR 12588500 at all times."
request_123,4076000,affordable_now,full_payment,2026-01-07:4076000,2026-01-07,none,Pay IDR 4076000 today with no spending changes needed. The projected cash walk remains comfortably at or above the minimum balance of IDR 18091200 across the entire 90-day period.
request_124,1498.39,affordable_with_plan,installments,2024-06-11:1076.12|2024-07-12:1076.12|2024-08-12:1076.12,2024-07-15,none,"Pay in 3 installments of EUR 1,076.12 on 11 June 2024, 12 July 2024, and 12 August 2024 without spending changes. This plan maintains the cash balance at or above the required minimum of EUR 1,600.00 throughout."
request_125,5851.95,not_affordable,not_recommended,none,2025-11-15,none,"Do not book the trip for ZAR 6,468 now or wait until 2025-11-15, as the payment exceeds the safe amount of ZAR 5,851.95 by the 2025-11-14 deadline. This decision ensures the cash walk remains at or above the required minimum balance of ZAR 11,300 at all times."
request_126,159600,affordable_now,full_payment,2026-07-03:159600,2026-07-03,none,"Pay INR 159,600 in full today on 3 July 2026 with no spending changes needed. This full payment ensures the projected balance stays safely at or above the minimum balance requirement of INR 129,700 over the 90-day forecast."
request_127,1516.92,affordable_later,wait,2024-09-15:23980,2024-09-15,none,Pay ZAR 23980 in full on 2024-09-15. Waiting until this date ensures the cash balance stays at or above the ZAR 41000 minimum balance to keep.
request_128,25168,affordable_now,full_payment,2025-02-07:25168,2025-02-07,none,"Pay ZAR 25,168 in full on 2025-02-07 without any spending changes. This payment ensures the projected balance stays at or above the minimum balance of ZAR 42,600 throughout the 90-day forecast."
request_129,67.88,not_affordable,not_recommended,none,,none,"Do not make the USD 2,668.80 course fee payment on 2026-04-04 as no safe payment or completing installment plan is available by the 2026-06-18 deadline. This ensures the cash balance stays at or above the stated USD 800 minimum_balance_to_keep throughout the period."
request_130,49.42,affordable_later,wait,2025-01-15:1978.80,2025-01-15,none,"Wait to pay USD 1,978.80 in full on 15 January 2025 without any spending changes. The projected balance stays at or above the $1,400.00 minimum balance throughout."
request_131,1095.34,affordable_with_plan,installments,2025-05-06:643.14|2025-06-03:643.14|2025-07-01:643.14,2025-06-23,none,"Pay in 3 installments of USD 643.14 on 2025-05-06, 2025-06-03, and 2025-07-01 with no spending changes. This plan keeps the balance at or above the required minimum of USD 1,100."
request_132,302.22,affordable_later,wait,2026-01-15:379.86,2026-01-15,none,Wait until 2026-01-15 to pay USD 379.86 in full without spending changes. This ensures the projected balance stays at or above the USD 1100 minimum.
request_133,11919945.71,not_affordable,not_recommended,none,,none,"Do not purchase the IDR 15,770,000 laptop by 2024-03-29. None of the available payment options keeps the IDR 9,986,200 minimum protected."
request_134,4242429.39,affordable_later,wait,2025-09-15:21831000,2025-09-15,none,Pay IDR 21831000 in full on 2025-09-15. Paying earlier would take the balance below the IDR 15902500 minimum.
request_135,304.8,affordable_now,full_payment,2026-07-06:304.80,2026-07-06,none,Pay USD 304.80 in full on 2026-07-06 with no spending changes. This keeps the projected balance at or above the required minimum balance of USD 500.
request_136,398.87,not_affordable,not_recommended,none,2024-06-15,none,Do not make this payment by 2024-06-14. None of the available options keeps the USD 1100 minimum protected.
request_137,6607.48,affordable_later,wait,2026-01-15:80100,2026-01-15,none,Wait and pay INR 80100 in full on 2026-01-15 after stopping the streaming subscription (event_12572) and reducing monthly shopping spend (event_12574) to INR 2068. This ensures the cash balance stays at or above the minimum balance to keep of INR 71800.
request_138,620.37,affordable_with_plan,partial_payment,2026-04-07:620.37|2026-04-15:636.57,2026-04-15,none,Pay EUR 743.23 today and the remaining EUR 513.71 on 2026-04-15. This completes the purchase and keeps the EUR 2300 minimum balance protected throughout the forecast.
request_139,1026.09,affordable_with_plan,installments,2024-09-07:802.88|2024-10-08:802.88|2024-11-08:802.88,2024-10-15,none,"Pay the rental deposit in 3 installments of USD 802.88 on 7 September 2024, 8 October 2024, and 8 November 2024 without any spending changes. This payment plan keeps the projected cash balance at or above the required minimum of USD 1500 throughout the period."
request_140,82.73,not_affordable,not_recommended,none,,none,"Do not pay the ZAR 62,832 repair in full or in installments by 2025-03-04. None of the payment options keeps the cash balance at or above the required ZAR 21,600 minimum balance."
request_141,27358.39,not_affordable,not_recommended,none,2026-03-15,none,"Do not make the INR 171,600 payment by 2026-02-12. The cash walk stays at or above the stated minimum_balance_to_keep of INR 67300."
request_142,1263.6,affordable_now,full_payment,2024-12-05:1263.60,2024-12-05,none,"Pay USD 1,263.60 in full on 5 December 2024 with no spending changes. This keeps the cash balance at or above the required minimum balance of USD 1,700.00 throughout the 90-day forecast."
request_143,2260.19,affordable_later,wait,2025-06-15:12584,2025-06-15,none,"Wait and pay ZAR 12,584 in full on 15 June 2025 with no spending changes. This projected cash flow keeps your balance at or above the ZAR 11,300 minimum."
request_144,202.26,affordable_later,wait,2026-07-15:233.34,2026-07-15,none,Pay USD 233.34 in full on 2026-07-15. Paying earlier would take the balance below the USD 600 minimum.
request_145,7650.21,affordable_with_plan,installments,2024-03-20:75365.33|2024-04-20:75365.33|2024-05-21:75365.33,2024-04-15,none,"Use 3 installments of INR 75365.33, starting 20 March 2024, without any spending changes. This ensures the cash balance stays at or above the required minimum of INR 155400 throughout the 90-day forecast."
request_146,27847.22,not_affordable,not_recommended,none,,none,"Do not pay the INR 449,400 rental deposit by 17 October 2025 since full payment exceeds available funds. This ensures the balance stays at or above the minimum required INR 108,600."
request_147,325.79,not_affordable,not_recommended,none,2026-04-15,none,"Do not purchase the travel option for EUR 1,129.70 by 7 June 2026 because no available payment plan keeps your balance at or above the EUR 900 minimum required. As a result, your cash ledger remains protected above the required minimum throughout the forecast period."
request_148,1645.69,not_affordable,not_recommended,none,2024-07-15,none,"Do not purchase the ZAR 22,242 laptop by 2024-08-18 using the available payment options. This decision ensures the cash balance stays at or above the ZAR 20,000 minimum balance throughout the forecast."
request_149,19603.59,affordable_with_plan,installments,2025-11-18:12706.03|2025-12-16:12706.03|2026-01-13:12706.03,2025-11-15,none,"Use 3 installments of ZAR 12706.03 starting 18 November 2025, 16 December 2025, and 13 January 2026 without any spending changes. Throughout this schedule, the cash balance remains at or above the minimum required balance of ZAR 42100."
request_150,298.73,affordable_with_plan,installments,2026-01-06:171.98|2026-02-05:171.98|2026-03-07:171.98,2026-01-15,none,"Use 3 installments of EUR 171.98 starting 6 January 2026, 5 February 2026, and 7 March 2026. This plan keeps the balance at or above the EUR 700 minimum throughout the forecast."
request_151,26999000,affordable_now,full_payment,2024-09-03:26999000,2024-09-03,none,"Pay IDR 26,999,000 in full on 3 September 2024 with no spending changes. This payment keeps the projected cash balance at or above the minimum required threshold of IDR 31,633,600."
request_152,10791.02,affordable_with_plan,installments,2025-02-12:4812.43|2025-03-12:4812.43|2025-04-09:4812.43,2025-02-15,none,"Use 3 installments of ZAR 4812.43, starting 12 February 2025. This leaves at least ZAR 11900 available."
request_153,226.63,not_affordable,not_recommended,none,,none,"Do not purchase the USD 2,830.80 laptop by 2026-09-24 because neither full payment nor the 18-month installment plan fits within the USD 1,400.00 minimum balance requirement and max 3-month limit. Maintaining this decision ensures the projected cash balance stays at or above the USD 1,400.00 minimum balance to keep."
request_154,1625.8,affordable_with_plan,installments,2024-12-04:563.61|2025-01-04:563.61|2025-02-04:563.61,2024-12-04,none,"Pay in 3 installments of EUR 563.61 on 4 December 2024, 4 January 2025, and 4 February 2025 with no spending changes. This ensures the projected cash balance stays at or above the required minimum balance of EUR 1,300."
request_155,112500,affordable_now,full_payment,2025-05-06:112500,2025-05-06,none,"You can safely cover the full laptop price of INR 112,500 today, 6 May 2025. This payment leaves your projected cash balance at or above the minimum required INR 56,300 over the next 90 days."
request_156,5186.96,affordable_later,wait,2026-06-15:43076,2026-06-15,none,Pay ZAR 43076 in full on 2026-06-15. This keeps the projected balance at or above the ZAR 26900 minimum throughout the forecast.
request_157,1041636.05,affordable_later,wait,2024-04-15:23503000,2024-04-15,none,Wait and pay IDR 23503000 in full on 2024-04-15 with no spending changes. This schedule ensures the cash balance stays at or above the IDR 15714100 minimum balance.
request_158,242600,affordable_with_plan,installments,2025-08-07:84101.33|2025-09-04:84101.33|2025-10-02:84101.33,2025-08-07,none,"Use 3 installments of INR 84101.33, starting 7 August 2025. This leaves at least INR 131400 available."
request_159,13398,affordable_now,full_payment,2026-01-04:13398,2026-01-04,none,"Pay the full investment amount of ZAR 13,398 today on 4 January 2026. This payment keeps the projected cash balance at or above the required minimum balance of ZAR 8,700 throughout the 90-day forecast."
request_160,643.61,affordable_with_plan,installments,2024-06-13:432.05|2024-07-14:432.05|2024-08-14:432.05,2024-06-15,none,"Book the trip using 3 installments of EUR 432.05, starting on 13 June 2024, with subsequent payments on 14 July 2024 and 14 August 2024 without any spending changes. This payment plan ensures the cash balance stays at or above the required minimum balance of EUR 1200 throughout the 90-day forecast."
request_161,0,not_affordable,not_recommended,none,,none,"Do not make the IDR 21,204,000 extra loan payment on 2025-11-03, as no spending changes or partial amounts make the payment safe. This ensures the projected balance stays at or above the IDR 23,010,400 minimum balance to keep."
request_162,4603254.21,not_affordable,not_recommended,none,,none,"Do not commit to the IDR 83,923,000 annual membership by 26 August 2026. This walk stays at or above the IDR 24,161,100 minimum balance to keep."
request_163,5287868.32,not_affordable,not_recommended,none,2024-09-15,none,Do not make this payment by 2024-11-15. None of the available options keeps the IDR 26728700 minimum protected.
request_164,27018000,affordable_with_plan,installments,2025-02-11:9366240|2025-03-11:9366240|2025-04-08:9366240,2025-02-04,none,"Use 3 installments of IDR 9366240, starting 11 February 2025. This leaves at least IDR 29550500 available."
request_165,80600,affordable_now,full_payment,2026-04-06:80600,2026-04-06,none,"Pay INR 80600 in full on April 6, 2026, without needing any spending changes. This projected cash flow stays at or above the required minimum balance of INR 95000 throughout the 90-day forecast."
request_166,2907.6,affordable_with_plan,installments,2024-12-03:1007.97|2025-01-03:1007.97|2025-02-03:1007.97,2024-12-03,none,"Use 3 installments of USD 1007.97, starting 3 December 2024. This leaves the cash balance at or above the required minimum balance of USD 1700 throughout the 90-day projection."
request_167,43802,affordable_now,full_payment,2025-05-05:43802,2025-05-05,none,"Pay the full rental deposit of ZAR 43,802 today on 5 May 2025 with no spending changes. This payment keeps the projected cash balance at or above the required minimum balance of ZAR 31,200 throughout the 90-day forecast."
request_168,23764.22,affordable_with_plan,partial_payment,2026-01-07:23764.22|2026-01-15:25615.78,2026-01-15,none,Pay INR 29949.04 today and the remaining INR 19430.96 on 2026-02-15 without any spending changes. This completes the full request while keeping the balance at or above the INR 114400 minimum.
request_169,41976,affordable_now,full_payment,2024-03-04:41976,2024-03-04,none,"Pay ZAR 41,976 in full on 2024-03-04 with no spending changes. This leaves at least ZAR 18,700 available over the next 90 days."
request_170,29736521.34,affordable_with_plan,installments,2025-08-06:12804480|2025-09-03:12804480|2025-10-01:12804480,2025-08-15,none,"Use 3 installments of IDR 12,804,480 on 6 August 2025, 3 September 2025, and 1 October 2025. This plan maintains the projected balance at or above the minimum balance of IDR 24,715,800."
request_171,77.22,not_affordable,not_recommended,none,,none,"Do not invest EUR 1,878.80 by 10 September 2026. This ensures the balance walk stays at or above the EUR 500.00 minimum balance to keep."
request_172,5915.52,affordable_with_plan,partial_payment,2024-06-05:5915.52|2024-06-15:4284.48,2024-06-15,none,"Pay ZAR 9246.87 on 2024-06-05 and the remaining ZAR 953.13 on 2024-06-15 to cover the ZAR 10,200 course before enrolment closes, with no spending changes needed. This payment plan keeps the projected balance at or above the required ZAR 27200 minimum throughout."
request_173,58993.11,affordable_with_plan,installments,2025-11-21:39173.33|2025-12-19:39173.33|2026-01-16:39173.33,2025-12-15,none,"Pay using 3 installments of INR 39173.33 each on 2025-11-21, 2025-12-19, and 2026-01-16 with no spending changes. This plan keeps the projected cash balance at or above the minimum balance of INR 79100 throughout the 90-day period."
request_174,1146.2,affordable_with_plan,installments,2026-04-04:397.35|2026-05-04:397.35|2026-06-03:397.35,2026-04-04,none,"You can invest by making 3 installments of EUR 397.35, starting 4 April 2026. This plan keeps your balance well above the required minimum of EUR 700."
request_175,2290.44,affordable_later,wait,2024-09-15:2346.30,2024-09-15,none,"Wait until 2024-09-15 to pay the repair of EUR 2,346.30 in full with no spending changes. This schedule keeps the projected balance at or above the minimum balance of EUR 1,700 throughout the 90-day forecast."
request_176,280.65,not_affordable,not_recommended,none,,none,"Paying EUR 1,239.70 for the trip now is not affordable because it would leave your balance below the required EUR 600 minimum. Please wait until you have sufficient funds or consider alternative arrangements that do not compromise your minimum balance."
request_177,1017.6,affordable_now,full_payment,2026-01-05:1017.60,2026-01-05,none,"You can afford to pay the full repair bill of USD 1,017.60 today. This payment is safe and will not cause your balance to fall below the required minimum of USD 1,300."
request_178,2938.1,affordable_with_plan,installments,2024-12-07:1018.54|2025-01-07:1018.54|2025-02-07:1018.54,2024-12-07,none,"Use 3 installments of EUR 1018.54, starting 7 December 2024. This leaves at least EUR 1400 available."
request_179,4122641.97,affordable_later,wait,2025-07-15:41648000,2025-07-15,none,"Paying the full amount of IDR 41,648,000 now would cause your balance to fall below the required minimum of IDR 41,430,800. You should wait and pay the full amount on 2025-07-15 to ensure you maintain the required minimum balance."
request_180,66500,affordable_now,full_payment,2026-07-06:66500,2026-07-06,none,"You can safely pay the full INR 66,500 today, July 6, 2026. This payment will not put your upcoming bills at risk, as your projected balance will remain above your minimum required balance of INR 37,300."
request_181,170.43,not_affordable,not_recommended,none,,none,"Investing USD 5,059.20 is not affordable at this time as it would cause your balance to fall below the required minimum of USD 2,000. Please wait until you have sufficient funds to cover this investment while maintaining your minimum balance."
request_182,65714,affordable_now,full_payment,2025-08-05:65714,2025-08-05,none,"You can make the full extra loan payment of ZAR 65,714 today, 5 August 2025. This payment is safe and will not cause your balance to fall below the required minimum of ZAR 31,100 over the next 90 days."
request_183,22942040.34,affordable_with_plan,installments,2026-04-10:9313546.67|2026-05-10:9313546.67|2026-06-09:9313546.67,2026-04-15,none,"You cannot cover the full repair now while maintaining your essential expenses. You can afford the repair using the installment plan of 3 payments of IDR 9313546.67, starting 10 April 2026, which keeps your balance above the required minimum."
request_184,14772.34,not_affordable,not_recommended,none,,none,"Paying INR 251,900 on 2024-06-04 is not affordable because it drops the balance below the required minimum of INR 110,800. The cash flow walk remains at or above INR 110,800 only when avoiding this full payment."
request_185,141.2,affordable_later,wait,2025-12-15:1257.30,2025-12-15,none,"Wait until 2025-12-15 to pay the full EUR 1,257.30 booking amount without any spending changes. This schedule keeps the projected cash balance at or above the required EUR 1,300.00 minimum at all times."
request_186,2890.96,affordable_later,wait,2026-03-15:26554,2026-03-15,none,"It is safer to wait and invest the full amount of ZAR 26,554 on 2026-03-15. Investing earlier would cause your balance to fall below the required minimum of ZAR 22,000."
request_187,45576.87,affordable_later,wait,2024-10-15:187500,2024-10-15,none,"Wait and pay INR 187,500 in full on 15 October 2024 with no spending changes. This projected cash walk stays at or above the required INR 128,300 minimum balance."
request_188,50.34,not_affordable,not_recommended,none,,none,"Do not make the EUR 2,464 family transfer by 2025-03-04. Avoiding this payment ensures the cash balance stays at or above the EUR 900 minimum balance to keep."
request_189,488.4,affordable_now,full_payment,2026-07-04:488.40,2026-07-04,none,You can safely pay the full EUR 488.40 today. This payment will not cause your balance to fall below your minimum of EUR 400.00 at any point in the next 90 days.
request_190,183.06,affordable_later,wait,2025-02-15:2557.50,2025-02-15,none,"You can safely pay EUR 183.06 today, but to cover the full EUR 2557.50, you should wait until 15 February 2025. Paying the full amount earlier would cause your balance to drop below the required EUR 1600 minimum."
request_191,664.4,affordable_now,full_payment,2025-05-03:664.40,2025-05-03,none,"You can safely invest the full amount of EUR 664.40 today, 3 May 2025. This payment is affordable and leaves your balance above the required minimum of EUR 500.00 throughout the 90-day forecast."
request_192,87.62,not_affordable,not_recommended,none,,none,"It is not currently affordable to pay for the course by the enrolment deadline of 2026-05-11. Even with all possible spending reductions, the required payments would cause your balance to fall below the USD 1000 minimum."
request_193,0,not_affordable,not_recommended,none,,none,Do not make this payment by 2024-05-28. None of the available options keeps the EUR 1000 minimum protected.
request_194,27484.19,affordable_later,wait,2025-10-23:132800,2025-10-23,none,"You can afford the INR 132,800 deposit by waiting to pay it in full on 2025-10-23. This plan ensures your balance remains at or above the required minimum of INR 113,600 throughout the period."
request_195,1041.8,affordable_with_plan,installments,2026-01-09:405.74|2026-02-08:405.74|2026-03-10:405.74,2026-01-15,none,"You can safely cover the laptop cost using the 3-installment plan of EUR 405.74 each, starting 9 January 2026. This plan ensures your balance remains above the required EUR 700 minimum throughout the payment period."
request_196,762.3,affordable_now,full_payment,2024-06-03:762.30,2024-06-03,none,You can afford to pay the EUR 762.30 for the laptop today. This payment will not cause your balance to fall below your minimum of EUR 500.00 over the next 90 days.
request_197,0,not_affordable,not_recommended,none,,none,"You cannot make the full transfer of IDR 50,939,000 without falling below your required minimum balance of IDR 26,245,900. No payment plan is currently affordable while maintaining this minimum balance."
request_198,185800,affordable_now,full_payment,2026-07-07:185800,2026-07-07,none,"You should pay the course fee of INR 185,800 in full today, 2026-07-07. This payment is affordable and ensures your balance remains above the required minimum of INR 124,300 throughout the forecast period."
request_199,23674000,affordable_with_plan,installments,2024-09-07:8206986.67|2024-10-08:8206986.67|2024-11-08:8206986.67,2024-09-04,none,"You can cover the deposit using 3 installments of IDR 8,206,986.67, starting 7 September 2024. This plan ensures your balance remains above the required minimum of IDR 25,359,500 throughout the period."
request_200,21717000,affordable_now,full_payment,2025-02-06:21717000,2025-02-06,none,"You can safely pay the full amount of IDR 21,717,000 today. This payment is affordable and ensures your balance remains above the required minimum of IDR 20,114,600 over the next 90 days."
request_201,23997000,affordable_now,full_payment,2026-04-03:23997000,2026-04-03,none,"The full repayment of IDR 23,997,000 is safe to pay today. This payment ensures your balance remains at or above the required minimum of IDR 17,304,500 over the next 90 days."
request_202,123900,affordable_now,full_payment,2024-12-05:123900,2024-12-05,none,"You can make the full transfer of INR 123,900 today, December 5, 2024. This payment is affordable and will not cause your balance to fall below your required minimum of INR 147,800 over the next 90 days."
request_203,1442.1,affordable_with_plan,installments,2025-05-10:499.93|2025-06-07:499.93|2025-07-05:499.93,2025-05-07,none,"Use 3 installments of EUR 499.93, starting 10 May 2025. This leaves at least EUR 1400 available."
request_204,494.75,affordable_later,wait,2026-01-15:588.74,2026-01-15,none,Pay EUR 588.74 in full on 2026-01-15. Paying earlier would take the balance below the EUR 1300 minimum.
request_205,9846310.05,affordable_later,wait,2024-03-15:10621000,2024-03-15,none,"You can pay the full IDR 10,621,000 on 2024-03-15, once your next salary is received. This plan ensures your balance remains above the required minimum of IDR 13,994,300."
request_206,1404.7,affordable_with_plan,installments,2025-08-03:486.96|2025-08-31:486.96|2025-09-28:486.96,2025-08-03,none,"You can afford to pay the transfer in three installments of EUR 486.96, starting on 3 August 2025 and completing by 28 September 2025. This plan ensures your balance remains above the required EUR 900 minimum throughout the period."
request_207,6065.4,affordable_later,wait,2026-07-15:11830,2026-07-15,none,"You can afford the full transfer of ZAR 11,830 by waiting until 2026-07-15, when your next salary arrives. This plan ensures your balance remains above the required ZAR 13,600 minimum."
request_208,1911671.56,affordable_later,wait,2024-06-15:4413000,2024-06-15,none,"You can afford the trip by paying the full amount of IDR 4,413,000 on 2024-06-15. Paying on this date ensures your balance remains at or above your required minimum of IDR 10,470,700."
request_209,3034.53,not_affordable,not_recommended,none,,none,"You cannot safely afford this booking by the deadline while maintaining your required minimum balance of ZAR 18,400. Even with potential spending adjustments, the required funds are not available."
request_210,731.53,affordable_with_plan,partial_payment,2026-04-06:731.53|2026-04-15:628.49,2026-04-15,none,Pay USD 731.53 today and the remaining USD 628.49 on 2026-04-15. This completes the full request and keeps the USD 2000 minimum protected.
request_211,26.18,affordable_later,wait,2024-10-15:1788.60,2024-10-15,none,"You can safely pay the full EUR 1,788.60 membership fee on 2024-10-15. Paying before this date would cause your balance to fall below your required minimum of EUR 1,500.00."
request_212,2880389.24,not_affordable,not_recommended,none,,none,"Committing to this membership is not affordable by the deadline, as it would cause your balance to fall below the required minimum of IDR 29,579,800. No payment plan options are currently safe to proceed with."
request_213,3362.4,affordable_with_plan,installments,2026-01-21:1165.63|2026-02-20:1165.63|2026-03-22:1165.63,2026-01-07,none,"You can complete the transfer by making 3 installments of USD 1165.63, starting on 2026-01-21. This plan ensures your balance remains at or above the required USD 2100 minimum."
request_214,43607.94,affordable_with_plan,partial_payment,2024-12-04:43607.94|2024-12-15:26142.06,2024-12-15,none,Pay INR 43607.94 today and the remaining INR 26142.06 on 2024-12-15. This completes the full request and keeps the INR 174900 minimum protected.
request_215,29986,affordable_with_plan,installments,2025-05-09:10395.15|2025-06-06:10395.15|2025-07-04:10395.15,2025-05-06,none,"You can afford the investment of ZAR 29,986 by using the 3-installment plan of ZAR 10,395.15 each, starting on 9 May 2025. This plan ensures your balance remains above the required minimum of ZAR 15,700 throughout the period."
request_216,710.76,affordable_later,wait,2026-08-15:3332.40,2026-08-15,none,Paying for the trip now is not recommended as it would cause your balance to fall below the required minimum of USD 1800. You can safely pay the full amount of USD 3332.40 on 2026-08-15.
request_217,14877.71,affordable_with_plan,installments,2024-03-19:12889.07|2024-04-19:12889.07|2024-05-20:12889.07,2024-05-15,none,"You can afford the trip using an installment plan of 3 payments of ZAR 12,889.07, starting on 19 March 2024. This plan ensures your balance remains at or above the required ZAR 26,800 minimum."
request_218,27553020.13,affordable_with_plan,installments,2025-08-07:21195893.33|2025-09-04:21195893.33|2025-10-02:21195893.33,2025-08-15,none,"The laptop is affordable using the 3-installment plan, with payments of IDR 21,195,893.33 on 7 August, 4 September, and 2 October 2025. This plan ensures your balance remains above the required minimum of IDR 34,477,200 throughout the period."
request_219,593.82,affordable_with_plan,installments,2026-04-07:580.01|2026-05-07:580.01|2026-06-06:580.01,2026-05-15,none,"Paying the course fee in 3 installments of EUR 580.01, starting 7 April 2026, is affordable and completes by your deadline. This plan ensures your balance remains at or above the required minimum of EUR 1100."
request_220,0,not_affordable,not_recommended,none,,none,You can invest EUR 124.19 now without affecting essential payments. This amount ensures your balance remains above the EUR 1100 minimum throughout the forecast period.
request_221,109800,affordable_now,full_payment,2025-11-03:109800,2025-11-03,none,"You can pay the full rental deposit of INR 109,800 today. This payment is affordable and will not cause your balance to fall below the required minimum of INR 81,500."
request_222,34078,affordable_now,full_payment,2026-01-05:34078,2026-01-05,none,"You can afford to pay the full amount of ZAR 34,078 today, 2026-01-05. This payment is safe and will not cause your balance to fall below the required minimum of ZAR 27,300 over the next 90 days."
request_223,898.7,affordable_now,full_payment,2024-09-07:898.70,2024-09-07,none,"The laptop is affordable to purchase in full today, 7 September 2024. This payment maintains a balance above the required minimum of EUR 800 throughout the 90-day forecast."
request_224,8680903.22,affordable_with_plan,partial_payment,2025-02-04:8680903.22|2025-02-15:1646096.78,2025-02-15,none,Pay IDR 8680903.22 today and the remaining IDR 1646096.78 on 2025-02-15. This completes the full request and keeps the IDR 22187600 minimum protected.
request_225,7799527.74,affordable_with_plan,installments,2026-07-20:7647120|2026-08-19:7647120|2026-09-18:7647120,2026-08-15,none,"You should use the 3-installment plan of IDR 7,647,120 each, starting on 20 July 2026, as it is the most affordable option that completes by your deadline. This plan ensures your account balance remains above the required minimum of IDR 17,670,700 throughout the payment period."
request_226,151637.88,affordable_with_plan,full_payment,2024-12-03:157000,2024-12-15,stop:event_20753|reduce_to:event_20754:3552,"Stop the cloud storage plan and reduce personal shopping to INR 3552, then pay INR 157,000 today. This ensures your balance remains at or above the required INR 209,400."
request_227,12861.34,not_affordable,not_recommended,none,,none,"You cannot afford the extra loan payment of INR 259,700 by 20 June 2025. Making this payment would cause your balance to fall below your required minimum of INR 62,900."
request_228,632355.04,not_affordable,not_recommended,none,,none,"You can invest a maximum of IDR 2,668,929.26 today without falling below your minimum balance of IDR 26,191,200. This amount ensures your account remains above the minimum balance after accounting for all essential expenses and scheduled payments through the next salary deposit."
request_229,362.19,affordable_with_plan,installments,2024-03-18:529.29|2024-04-18:529.29|2024-05-19:529.29,2024-04-15,none,"You can safely use the installment plan of 3 payments of EUR 529.29, starting 18 March 2024. This plan ensures your balance remains at or above the required EUR 1000 minimum."
request_230,3537.6,affordable_now,full_payment,2025-08-06:3537.60,2025-08-06,none,"You can safely pay the full amount of EUR 3,537.60 today, 6 August 2025. This payment is affordable and will not put your upcoming bills at risk, as your projected balance remains above the required minimum of EUR 2,000."
request_231,32142.71,affordable_with_plan,installments,2026-01-06:12378.08|2026-02-05:12378.08|2026-03-07:12378.08,2026-01-15,none,"You can afford the laptop using the 3-installment plan of ZAR 12378.08, starting 6 January 2026. This plan ensures your balance remains above the required minimum of ZAR 24300 throughout the period."
request_232,542.14,affordable_later,wait,2024-08-15:1970.10,2024-08-15,none,"You can afford the full trip of EUR 1,970.10 by waiting to pay in full on 2024-08-15. This plan ensures your account balance remains above the required EUR 2,400 minimum throughout the period."
request_233,0,not_affordable,not_recommended,none,,none,"Paying the full deposit of IDR 6,241,000 is not affordable because it would cause your balance to fall below the required minimum of IDR 10,365,700. Even with stopping optional subscriptions, your projected cash flow does not support this payment while maintaining your essential commitments."
request_234,277.32,affordable_later,wait,2026-08-15:1213.30,2026-08-15,none,Pay EUR 1213.30 in full on 2026-08-15. Paying earlier would take the balance below the EUR 700 minimum.
request_235,967.2,affordable_now,full_payment,2024-09-06:967.20,2024-09-06,none,You can afford to pay the full course fee of USD 967.20 today. This payment ensures your balance remains above the required minimum of USD 700.00 throughout the next 90 days.
request_236,7914251.14,not_affordable,not_recommended,none,2025-04-15,none,"You cannot afford the IDR 52,383,000 rental deposit by the requested date of 2025-02-23. Making this payment would cause your balance to fall below your required minimum of IDR 16,768,600."
request_237,23826000,affordable_now,full_payment,2026-04-05:23826000,2026-04-05,none,"You can afford to pay the IDR 23,826,000 membership fee in full today. This payment will not affect your ability to cover upcoming bills, as your projected balance remains above the required minimum of IDR 22,431,500."
request_238,663.6,affordable_with_plan,installments,2024-12-07:230.05|2025-01-07:230.05|2025-02-07:230.05,2024-12-07,none,"Use 3 installments of USD 230.05, starting 7 December 2024. This leaves at least USD 700 available."
request_239,612.17,affordable_later,wait,2025-05-15:642,2025-05-15,none,"You can safely invest the full amount of USD 642 on 2025-05-15, once your next salary is received. This plan ensures your balance remains above the required USD 600 minimum throughout the period."
request_240,10334.6,not_affordable,not_recommended,none,,none,"It is not safe to book the trip at this time because the required payment would cause your balance to fall below the required minimum of INR 52,800. Please wait until you have more funds available to ensure your financial security."
request_241,21052000,affordable_with_plan,installments,2024-03-17:7298026.67|2024-04-17:7298026.67|2024-05-18:7298026.67,2024-03-03,none,"You can afford to make this transfer using 3 installments of IDR 7,298,026.67, starting on 17 March 2024. This plan ensures your balance remains at or above the required minimum of IDR 19,252,000 throughout the period."
request_242,0,not_affordable,not_recommended,none,,none,"You cannot make the requested EUR 1,966.80 payment by 25 August 2025 while maintaining your EUR 600 minimum balance. No affordable payment plan is available that meets your deadline and protects your essential expenses."
request_243,17468,affordable_now,full_payment,2026-07-07:17468,2026-07-07,none,"You can afford to pay the full repair amount of ZAR 17,468 today. This payment ensures your balance remains above the required minimum of ZAR 19,900 over the next 90 days."
request_244,49918,affordable_now,full_payment,2024-06-04:49918,2024-06-04,none,"You can afford to send the full amount of ZAR 49,918 today. This payment will leave your account balance at or above your required minimum of ZAR 45,900 over the next 90 days."
request_245,31457.47,affordable_later,wait,2025-12-15:128500,2025-12-15,none,"You should wait and pay the full amount of INR 128,500 on 2025-12-15. This plan ensures your balance remains above the required minimum of INR 94,600."
request_246,64086,affordable_with_plan,installments,2026-04-03:22216.48|2026-05-03:22216.48|2026-06-02:22216.48,2026-04-03,none,"You can afford the course using 3 installments of ZAR 22,216.48, starting 3 April 2026. This plan ensures your balance remains above the required minimum of ZAR 39,300 throughout the period."
request_247,853.57,affordable_later,wait,2024-09-15:1059.30,2024-09-15,none,"You can make the full transfer of EUR 1,059.30 on 2024-09-15. Paying on this date ensures your balance remains at or above the required EUR 1,300.00 minimum."
request_248,846.48,affordable_with_plan,partial_payment,2025-02-07:846.48|2025-04-15:1119.12,2025-04-15,none,"You can invest USD 846.48 today without falling below your minimum balance of USD 1300. To invest the full USD 1965.60, you can pay the remaining USD 1119.12 on 2025-04-15."
request_249,175.77,affordable_later,wait,2026-02-15:643.20,2026-02-15,none,"The full membership fee is not affordable today, but you can pay the USD 643.20 in full on 2026-02-15. This plan ensures your balance remains at or above the required USD 600 minimum."
request_250,17762.28,not_affordable,not_recommended,none,,none,"You cannot afford the ZAR 124,278 repayment by 18 January 2025 while maintaining your required minimum balance of ZAR 35,300. Even with potential spending reductions, this payment is not financially safe."
request_251,1419.7,not_affordable,not_recommended,none,2025-07-19,none,"It is not safe to pay the EUR 1,513.60 course fee by the 6 June 2025 deadline. Even with stopping all flexible expenses, the projected balance falls below the required EUR 1,300 minimum."
request_252,5719759.62,affordable_later,wait,2026-08-15:28082000,2026-08-15,none,"You can make the full transfer of IDR 28,082,000 on 2026-08-15. This plan ensures your balance remains above the required minimum of IDR 15,152,200 throughout the period."
request_253,1151.14,affordable_with_plan,installments,2024-03-21:984.6|2024-04-21:984.6|2024-05-22:984.6,2024-04-15,none,"Paying the full deposit now is not safe, but you can afford the rental deposit using 3 installments of EUR 984.60, starting 21 March 2024. This plan ensures your balance remains above the required EUR 2,300.00 minimum."
request_254,824.45,affordable_later,wait,2025-09-15:3535.20,2025-09-15,none,Pay USD 3535.20 in full on 2025-09-15. This schedule ensures the balance remains at or above the USD 2500 minimum throughout the period.
request_255,3345000,affordable_now,full_payment,2026-04-06:3345000,2026-04-06,none,"You can safely send the full amount of IDR 3,345,000 today. This payment is affordable and will not cause your balance to fall below the required minimum of IDR 9,813,900 over the next 90 days."
request_256,139860.77,affordable_with_plan,installments,2024-06-10:75816|2024-07-11:75816|2024-08-11:75816,2024-06-15,none,"You can invest by using 3 installments of INR 75816, starting 10 June 2024. This plan ensures your balance remains at or above the required minimum of INR 168600."
request_257,434.13,affordable_later,wait,2025-11-15:1352.40,2025-11-15,none,Pay USD 1352.40 in full on 2025-11-15. Paying earlier would take the balance below the USD 1600 minimum.
request_258,1113.6,affordable_now,full_payment,2026-01-07:1113.60,2026-01-07,none,"You can invest the full amount of USD 1,113.60 today. This payment is affordable and will not cause your balance to drop below the required minimum of USD 500.00 over the next 90 days."
request_259,248.96,affordable_later,wait,2024-10-15:935,2024-10-15,none,"The full membership fee of EUR 935 is not affordable today, but it is affordable to pay in full on 2024-10-15. This plan ensures your account balance remains above the required minimum of EUR 600."
request_260,5690599.56,not_affordable,not_recommended,none,,none,"Do not proceed with this repair payment as it is not affordable within your budget constraints. Your projected balance would fall below the required minimum of IDR 20,727,700."
request_261,1830.4,affordable_now,full_payment,2026-07-03:1830.40,2026-07-03,none,"You can pay the full rental deposit of EUR 1,830.40 today, July 3, 2026. This payment is affordable and will keep your account balance above the required minimum of EUR 1,500 over the next 90 days."
request_262,9236000,affordable_now,full_payment,2024-12-05:9236000,2024-12-05,none,"You can pay the full amount of IDR 9,236,000 today, 5 December 2024. This payment is affordable and will not cause your balance to fall below the required minimum of IDR 31,018,500 over the next 90 days."
request_263,5764.23,not_affordable,not_recommended,none,,none,"It is not affordable to pay for the course by 15 June 2025, even with all possible spending reductions. The required payments would cause your balance to fall below the ZAR 24,100 minimum."
request_264,14903.73,affordable_later,wait,2026-05-15:111300,2026-05-15,none,"Paying the repair bill of INR 111,300 today would take your balance below the required minimum of INR 59,500. You can safely pay the full amount on 2026-05-15 without needing to change your spending."
request_265,45970,affordable_now,full_payment,2024-03-06:45970,2024-03-06,none,"You can safely send the full amount of INR 45,970 today. This payment is affordable and will not cause your balance to fall below the required minimum of INR 189,700 over the next 90 days."
request_266,733.26,affordable_with_plan,installments,2025-08-03:324.13|2025-08-31:324.13|2025-09-28:324.13,2025-08-15,none,"You can safely complete the investment using three installments of EUR 324.13, starting on 3 August 2025. This plan ensures your balance remains above the required minimum of EUR 900 throughout the period."
request_267,1655.01,affordable_with_plan,installments,2026-01-08:667.33|2026-02-07:667.33|2026-03-09:667.33,2026-01-15,none,"You can safely pay the rental deposit using the 3-installment plan of EUR 667.33 each, starting 8 January 2026. This plan ensures your balance remains at or above the required minimum of EUR 1500 throughout the payment period."
request_268,1134.51,affordable_with_plan,installments,2024-06-14:841.22|2024-07-15:841.22|2024-08-15:841.22,2024-07-15,none,"You can safely pay EUR 1,134.51 today, but the full amount is not affordable until 15 July 2024. Alternatively, you can use the recommended installment plan of three payments of EUR 841.22, which keeps your balance above the required EUR 1,400.00."
request_269,0,not_affordable,not_recommended,none,,none,"Making this transfer now would cause your balance to fall below your required minimum of ZAR 23,100. Therefore, I cannot recommend proceeding with this payment at this time."
request_270,255.68,not_affordable,not_recommended,none,,none,"You cannot afford the investment of USD 3,028.80 by 30 August 2026. Your current financial situation does not allow for this payment while maintaining your required minimum balance of USD 1,400."
request_271,0,affordable_later,wait,2024-11-15:91300,,reduce_to:event_24927:1616,Pay INR 91300 in full on 2024-11-15. Paying earlier would take the balance below the INR 58200 minimum.
request_272,6128654.63,affordable_with_plan,installments,2025-02-12:4709466.67|2025-03-12:4709466.67|2025-04-09:4709466.67,2025-02-15,none,"You cannot afford the full payment of IDR 13,585,000 now, but you can afford to pay it in 3 installments of IDR 4,709,466.67 starting on 12 February 2025. This plan ensures your balance remains above the required minimum of IDR 7,508,600."
request_273,8572467.58,affordable_with_plan,partial_payment,2026-04-07:8572467.58|2026-04-15:7288532.42,2026-04-15,none,Pay IDR 8572467.58 today and the remaining IDR 7288532.42 on 2026-04-15. This completes the full request and keeps the IDR 18774600 minimum protected.
request_274,2291.8,affordable_with_plan,installments,2024-12-04:940.75|2025-01-04:940.75|2025-02-04:940.75,2024-12-15,none,"Paying the full EUR 2,713.70 now is not safe, but you can afford the loan using 3 installments of EUR 940.75, starting 4 December 2024. This plan completes by your deadline and ensures your balance stays above the required EUR 1,800.00."
request_275,15884000,affordable_now,full_payment,2025-05-06:15884000,2025-05-06,none,"You should pay the repair bill of IDR 15,884,000 in full today, May 6, 2025. This payment is affordable and ensures your balance remains above the required minimum of IDR 12,760,100 over the next 90 days."
